{
    "BCC": {
        "Cs": {
            "wien2k": 5.700695574898454,
            "cp2k": 5.762629329414365
        },
        "Fr": {
            "wien2k": 5.646196150946884,
            "cp2k": 5.7113429609861495
        }
    },
    "Diamond": {
        "K": {
            "wien2k": 9.062798678642599,
            "cp2k": 9.163338663339966
        },
        "Y": {
            "wien2k": 6.515947480372215,
            "cp2k": 6.635014402404421
        },
        "Sr": {
            "wien2k": 9.13936272594561,
            "cp2k": 9.230772820511424
        },
        "Li": {
            "wien2k": 5.630207893508232,
            "cp2k": 5.698848644028054
        },
        "Hg": {
            "wien2k": 6.139691362700519,
            "cp2k": 6.4430945867011395
        },
        "Cs": {
            "wien2k": 10.664506208899462,
            "cp2k": 10.792850778340783
        },
        "Sc": {
            "wien2k": 5.743526634659344,
            "cp2k": 5.984269907850047
        }
    },
    "FCC": {
        "Cs": {
            "wien2k": 7.202591126631653,
            "cp2k": 7.280759993917922
        },
        "Fr": {
            "wien2k": 7.145881527746831,
            "cp2k": 7.229087576567566
        },
        "Ba": {
            "wien2k": 5.9229142555496415,
            "cp2k": 5.9851521762188975
        }
    },
    "SC": {
        "Ra": {
            "wien2k": 3.9420849293243334,
            "cp2k": 3.9831478509750773
        },
        "Sr": {
            "wien2k": 3.6083493907867634,
            "cp2k": 3.6459741688906333
        },
        "Cs": {
            "wien2k": 4.692180408408589,
            "cp2k": 4.746394308882843
        },
        "Fr": {
            "wien2k": 4.733499851977574,
            "cp2k": 4.781890675535316
        },
        "Ba": {
            "wien2k": 3.6661008893150737,
            "cp2k": 3.7079182747455466
        }
    }
}