{
    "Diamond": {
        "U": {
            "wien2k": 4.945679812517844,
            "cp2k": 5.7631191311095336
        }
    }
}