{
    "BCC": {
        "Cs": {
            "wien2k": 5.765292848214578,
            "cp2k": 5.700695574898454
        },
        "Fr": {
            "wien2k": 5.710527757215427,
            "cp2k": 5.646196150946884
        }
    },
    "Diamond": {
        "Sc": {
            "wien2k": 5.970972897343793,
            "cp2k": 5.743526634659344
        },
        "Li": {
            "wien2k": 5.694348235003248,
            "cp2k": 5.630207893508232
        },
        "K": {
            "wien2k": 9.163162623956401,
            "cp2k": 9.062798678642599
        },
        "Cs": {
            "wien2k": 10.79426276589865,
            "cp2k": 10.664506208899462
        },
        "Y": {
            "wien2k": 6.627541985938919,
            "cp2k": 6.515947480372215
        },
        "Hg": {
            "wien2k": 6.440823290481255,
            "cp2k": 6.139691362700519
        }
    },
    "FCC": {
        "Cs": {
            "wien2k": 7.283876016868008,
            "cp2k": 7.202591126631653
        },
        "Fr": {
            "wien2k": 7.230861616895664,
            "cp2k": 7.145881527746831
        }
    },
    "SC": {
        "Ba": {
            "wien2k": 3.705571461273531,
            "cp2k": 3.6661008893150737
        },
        "Cs": {
            "wien2k": 4.746790279792476,
            "cp2k": 4.692180408408589
        },
        "Fr": {
            "wien2k": 4.782201457223422,
            "cp2k": 4.733499851977574
        }
    }
}