{
    "BCC": {
        "Ac": 4.512700541822854,
        "Ag": 3.3006498853706066,
        "Al": 3.2349581908863985,
        "Am": 3.1870792968533626,
        "Ar": 4.743133378421798,
        "As": 3.364889695403745,
        "At": 4.309521392763725,
        "Au": 3.30443095175831,
        "B": 2.307337085892476,
        "Ba": 5.02129399250036,
        "Be": 2.5004462839343997,
        "Bi": 3.9846116894768695,
        "Br": 3.769792081725191,
        "C": 2.3735095294265878,
        "Ca": 4.384978664275682,
        "Cd": 3.604583332286592,
        "Ce": 3.794710647738772,
        "Cl": 3.501117554383682,
        "Cm": 3.208525499244166,
        "Co": 2.7628810658607765,
        "Cr": 2.847909802780849,
        "Cs": 6.159497615652202,
        "Cu": 2.884807381747912,
        "Dy": 4.012256696454547,
        "Er": 4.079090985628204,
        "Eu": 3.7387999853365512,
        "F": 2.722093640524742,
        "Fe": 2.7590360863062737,
        "Fr": 6.153172013847771,
        "Ga": 3.3738953085799093,
        "Gd": 3.868629549654014,
        "Ge": 3.3779597327032196,
        "H": 1.8103760727738,
        "He": 3.30353091775884,
        "Hf": 3.54646678349032,
        "Hg": 3.8808747326828934,
        "Ho": 4.052412621818516,
        "I": 4.159743131505379,
        "In": 3.815619674705121,
        "Ir": 3.11104761964424,
        "K": 5.284325261296489,
        "Kr": 5.129684758983905,
        "La": 4.229021905591502,
        "Li": 3.4351314509704634,
        "Lu": 3.89848046776644,
        "Mg": 3.5786250831359516,
        "Mn": 2.7834240817358817,
        "Mo": 3.161054270582095,
        "N": 2.436767034209338,
        "Na": 4.198819153522019,
        "Nb": 3.310551080596755,
        "Nd": 3.4795649614096593,
        "Ne": 3.670771192577077,
        "Ni": 2.7931021242794496,
        "Np": 3.289885867445268,
        "O": 2.497190802366604,
        "Os": 3.092028330360661,
        "P": 3.053053115427875,
        "Pa": 3.6738265892517075,
        "Pb": 3.9987270183336396,
        "Pd": 3.1374202402636375,
        "Pm": 3.4398509877781978,
        "Po": 4.035529403746465,
        "Pr": 3.5903586906657425,
        "Pt": 3.1640265670960535,
        "Pu": 3.211418893672346,
        "Ra": 5.216505781852035,
        "Rb": 5.67036785088584,
        "Re": 3.1142309071118848,
        "Rh": 3.070374522743698,
        "Rn": 5.756979727466589,
        "Ru": 3.0535857989543023,
        "S": 3.159025546255959,
        "Sb": 3.790342084911557,
        "Sc": 3.67837245354248,
        "Se": 3.4403175568214337,
        "Si": 3.0824104908455756,
        "Sm": 3.5106822488596485,
        "Sn": 3.8090738080208597,
        "Sr": 4.762883991124555,
        "Ta": 3.3196148405968935,
        "Tb": 3.953885834172982,
        "Tc": 3.080798053162594,
        "Te": 3.8491334147658076,
        "Th": 4.0237191614979,
        "Ti": 3.2564513651599984,
        "Tl": 3.9753543385698173,
        "Tm": 4.096142043886679,
        "U": 3.434791197519672,
        "V": 2.997132564801515,
        "W": 3.18431448403737,
        "Xe": 5.625793791544656,
        "Y": 4.042600492905182,
        "Yb": 4.107272268218689,
        "Zn": 3.1327571198759796,
        "Zr": 3.5749473715903592
    },
    "Diamond": {
        "Ac": 8.03709932749127,
        "Ag": 6.218871626290689,
        "Al": 6.046473738894602,
        "Am": 5.380749473489324,
        "Ar": 9.240752039677401,
        "As": 6.110164891897993,
        "At": 8.120440624045086,
        "Au": 6.163486287789734,
        "B": 4.051456240080589,
        "Ba": 7.678171487571558,
        "Be": 4.897936332120204,
        "Bi": 7.291121708100083,
        "Br": 7.011723211142041,
        "C": 3.571560812142277,
        "Ca": 8.617811447519664,
        "Cd": 6.691521218064372,
        "Ce": 6.227171300308503,
        "Cl": 6.464234397248651,
        "Cm": 5.368169790293655,
        "Co": 4.919805930239102,
        "Cr": 5.095341034097517,
        "Cs": 11.47302617134822,
        "Cu": 5.3533295439039215,
        "Dy": 5.6887098636047275,
        "Er": 8.631874279097017,
        "Eu": 5.489987750997112,
        "F": 4.877998835041085,
        "Fe": 4.872684114566177,
        "Fr": 11.538582431246851,
        "Ga": 5.880284648535648,
        "Gd": 5.513256794372087,
        "Ge": 5.7626367079842575,
        "H": 3.0119429136997815,
        "He": 6.3551801799303025,
        "Hf": 6.546916915235715,
        "Hg": 7.664350321410923,
        "Ho": 5.881192011619092,
        "I": 7.854851575079296,
        "In": 6.736306804155358,
        "Ir": 5.569739994516132,
        "K": 9.638199902771406,
        "Kr": 9.99733603716342,
        "La": 6.68353522940679,
        "Li": 5.902132331446356,
        "Lu": 7.397708727585081,
        "Mg": 6.8639777836680596,
        "Mn": 4.951223066111482,
        "Mo": 5.688274562159557,
        "N": 4.186988403888996,
        "Na": 7.586108633395884,
        "Nb": 5.90855951727248,
        "Nd": 5.732688312520066,
        "Ne": 7.088896809857869,
        "Ni": 5.0924107955420554,
        "Np": 5.559791629631258,
        "O": 4.404657041161479,
        "Os": 5.557184112809613,
        "P": 5.487792690119882,
        "Pa": 6.249655955554087,
        "Pb": 7.063181157734032,
        "Pd": 5.808839901614171,
        "Pm": 5.574514350198604,
        "Po": 7.488549240721796,
        "Pr": 5.941721607524793,
        "Pt": 5.778007893743311,
        "Pu": 5.447875392775597,
        "Ra": 11.073456237645507,
        "Rb": 10.419675038080623,
        "Re": 5.652397236342992,
        "Rh": 5.513316461511372,
        "Rn": 11.228010778111052,
        "Ru": 5.455445629983478,
        "S": 5.791417963205346,
        "Sb": 6.9898204963531585,
        "Sc": 6.508367545954759,
        "Se": 6.33333346447613,
        "Si": 5.470081759650107,
        "Sm": 5.509412288387925,
        "Sn": 6.654687743971181,
        "Sr": 9.63856242858305,
        "Ta": 6.102518639723441,
        "Tb": 5.578296446649618,
        "Tc": 5.539485679685373,
        "Te": 7.186835448316907,
        "Th": 7.152996248611949,
        "Ti": 5.681519619406093,
        "Tl": 7.121370975205555,
        "Tm": 8.678701261285042,
        "U": 5.82943391624689,
        "V": 5.3011239538874495,
        "W": 5.830444655328358,
        "Xe": 10.992573483795223,
        "Y": 7.048147383313359,
        "Yb": 8.691753384410132,
        "Zn": 5.8215152662525576,
        "Zr": 6.279997398044552
    },
    "FCC": {
        "Ac": 5.669387835967083,
        "Ag": 4.147492466427847,
        "Al": 4.0409436158579215,
        "Am": 4.110056695196952,
        "Ar": 5.93410864194059,
        "As": 4.25905168989488,
        "At": 5.385085388222937,
        "Au": 4.158446846732174,
        "B": 2.8674878712770364,
        "Ba": 6.353192216402631,
        "Be": 3.157881214047916,
        "Bi": 5.029594173140883,
        "Br": 4.727882934906458,
        "C": 3.082341929802008,
        "Ca": 5.526583838420761,
        "Cd": 4.503800328557671,
        "Ce": 4.733922471332387,
        "Cl": 4.399691434128779,
        "Cm": 4.120102098447873,
        "Co": 3.454786509613458,
        "Cr": 3.6227957245955444,
        "Cs": 7.772010541962861,
        "Cu": 3.629290892170045,
        "Dy": 5.064908756655443,
        "Er": 5.183992396394065,
        "Eu": 4.641017776787291,
        "F": 3.436806890623873,
        "Fe": 3.4494480998695067,
        "Fr": 7.767463540409443,
        "Ga": 4.231594405295398,
        "Gd": 4.820160796662371,
        "Ge": 4.278686192226183,
        "H": 2.280377585247762,
        "He": 4.141475349947589,
        "Hf": 4.4857686093398605,
        "Hg": 5.056997095628115,
        "Ho": 5.137442786419381,
        "I": 5.197739558287795,
        "In": 4.791724010616634,
        "Ir": 3.8712822788052987,
        "K": 6.6645972092778205,
        "Kr": 6.417323048518072,
        "La": 5.28703077742512,
        "Li": 4.324920340278962,
        "Lu": 4.875355978891691,
        "Mg": 4.522388172037848,
        "Mn": 3.503238835688037,
        "Mo": 4.00292560981759,