{
    "Diamond": {
        "Np": {
            "wien2k": 5.559791629631258,
            "cp2k": 11.055694712328568
        }
    }
}