{
    "BCC": {
        "Ac": 4.409384241201989,
        "Ag": 3.224582803633169,
        "Al": 3.212561304325533,
        "Am": 3.129350101707034,
        "Ar": 4.693248189707393,
        "As": 3.3122957272870326,
        "At": 4.188011922266765,
        "Au": 3.2440459033127733,
        "B": 2.2975878933870133,
        "Ba": 4.88114648777177,
        "Be": 2.4923928761446104,
        "Bi": 3.9168110605183943,
        "Bk": 3.174709502840783,
        "Br": 3.645828724529321,
        "C": 2.342777280499154,
        "Ca": 4.3240726625080885,
        "Cd": 3.4944292332445306,
        "Ce": 3.64932119734404,
        "Cf": 3.2515416748847863,
        "Cl": 3.378772005854131,
        "Cm": 3.137511653210899,
        "Co": 2.723938929818835,
        "Cr": 2.814390202614111,
        "Cs": 6.00906038542329,
        "Cu": 2.8321714574818344,
        "Dy": 3.839631402698593,
        "Er": 3.9393045058890954,
        "Es": 3.3838449295262856,
        "Eu": 3.3189421800488854,
        "F": 2.6367752176932915,
        "Fe": 2.7233727624592676,
        "Fm": 3.59850246355741,
        "Fr": 5.949031219528269,
        "Ga": 3.3007344554422504,
        "Gd": 3.601953672086657,
        "Ge": 3.3191237344853497,
        "H": 1.7991168507144493,
        "He": 3.439070643122839,
        "Hf": 3.491374679785802,
        "Hg": 3.6319481481985325,
        "Ho": 3.8986363849883525,
        "I": 4.029576600490862,
        "In": 3.723271873805463,
        "Ir": 3.0769853000237353,
        "K": 5.215390792418874,
        "Kr": 4.93925977970656,
        "La": 4.115180684659253,
        "Li": 3.4337187070694823,
        "Lr": 3.8484291111944233,
        "Lu": 3.8213662501430323,
        "Md": 3.887684137774845,
        "Mg": 3.5555965417729047,
        "Mn": 2.7497145709266233,
        "Mo": 3.1299354544424025,
        "N": 2.3947570734090573,
        "Na": 4.171726191580872,
        "Nb": 3.272087809967216,
        "Nd": 3.3185366367418685,
        "Ne": 3.7477901053607408,
        "Ni": 2.749344196237302,
        "No": 4.104749601836773,
        "Np": 3.2325135792195527,
        "O": 2.445648251573598,
        "Os": 3.062404023092409,
        "P": 3.013399322873317,
        "Pa": 3.6048648221893367,
        "Pb": 3.91241714040241,
        "Pd": 3.0840947393208302,
        "Pm": 3.2610291956636903,
        "Po": 3.9651472026352614,
        "Pr": 3.4347361806328682,
        "Pt": 3.1220351613370516,
        "Pu": 3.1564075502179914,
        "Ra": 5.06091876644045,
        "Rb": 5.569171585113637,
        "Re": 3.0862309907800034,
        "Rh": 3.029240007339744,
        "Rn": 5.200734610219793,
        "Ru": 3.018668769880929,
        "S": 3.0982091633628817,
        "Sb": 3.730088237364265,
        "Sc": 3.628255023206598,
        "Se": 3.3768087241427973,
        "Si": 3.0560285671150647,
        "Sm": 3.254313798292135,
        "Sn": 3.7386501272046435,
        "Sr": 4.675002335400665,
        "Ta": 3.2811660537858556,
        "Tb": 3.7519338174034607,
        "Tc": 3.049404165611078,
        "Te": 3.781227823561399,
        "Th": 3.9514335447247944,
        "Ti": 3.210758062829222,
        "Tl": 3.852669200910013,
        "Tm": 3.9675414903888746,
        "U": 3.3724943450681755,
        "V": 2.9589444129882065,
        "W": 3.154660105051685,
        "Xe": 5.2258354318397195,
        "Y": 3.9747703676530675,
        "Yb": 3.9903559333482614,
        "Zn": 3.059436865059313,
        "Zr": 3.5213013869150442
    },
    "Diamond": {
        "Ac": 7.820720712045616,
        "Ag": 6.038924709533945,
        "Al": 5.994468976938113,
        "Am": 5.3113982767272025,
        "Ar": 9.164307198058953,
        "As": 6.010293441855045,
        "At": 7.932473288276175,
        "Au": 6.0263213988466875,
        "B": 4.031862192946878,
        "Ba": 7.406398167438198,
        "Be": 4.874418953321211,
        "Bi": 7.16852256484047,
        "Bk": 5.333510237187682,
        "Br": 6.838863393096651,
        "C": 3.554034954524093,
        "Ca": 8.434926384711696,
        "Cd": 6.447501385831308,
        "Ce": 6.13313155710909,
        "Cf": 5.422607551472735,
        "Cl": 6.302060298681069,
        "Cm": 5.291563652144127,
        "Co": 4.8429877052207395,
        "Cr": 5.0080297643404466,
        "Cs": 11.126678785496951,
        "Cu": 5.23263012265028,
        "Dy": 5.515386118665763,
        "Er": 5.8493529369299,
        "Es": 5.595263852720102,
        "Eu": 5.3831159885881625,
        "F": 4.773066750263631,
        "Fe": 4.804503874512246,
        "Fm": 5.971928125733664,
        "Fr": 11.160607787113287,
        "Ga": 5.757400930028199,
        "Gd": 5.3922018212899205,
        "Ge": 5.677183851618264,
        "H": 2.9928853628731895,
        "He": 6.6143641850776245,
        "Hf": 6.371533730138752,
        "Hg": 6.622743695870387,
        "Ho": 5.635698814784277,
        "I": 7.662095153216756,
        "In": 6.56427282111517,
        "Ir": 5.507867528330382,
        "K": 9.43767885572474,
        "Kr": 9.717818948728677,
        "La": 6.570471082027961,
        "Li": 5.8847331042411275,
        "Lr": 7.3845550765195895,
        "Lu": 7.168667862509713,
        "Md": 8.093486609596809,
        "Mg": 6.775717892546783,
        "Mn": 4.88227386640835,
        "Mo": 5.611608572334749,
        "N": 4.128823268887167,
        "Na": 7.489989607847241,
        "Nb": 5.8086039563489615,
        "Nd": 5.6438060924584,
        "Ne": 7.241913456988841,
        "Ni": 4.999434602734262,
        "No": 8.980649784413785,
        "Np": 5.498503173942672,
        "O": 4.338928997336256,
        "Os": 5.502773257056951,
        "P": 5.379354178684128,
        "Pa": 6.151801089684347,
        "Pb": 6.913448531147273,
        "Pd": 5.685841540354805,
        "Pm": 5.483928842935726,
        "Po": 7.362513122560714,
        "Pr": 5.8522430339798825,
        "Pt": 5.690741098364654,
        "Pu": 5.380768352094086,
        "Ra": 10.587715684982738,
        "Rb": 10.155386336025552,
        "Re": 5.5947527378540425,
        "Rh": 5.433942579964509,
        "Rn": 10.49125802985262,
        "Ru": 5.39162854676231,
        "S": 5.681776208368716,
        "Sb": 6.8721922198375545,
        "Sc": 6.262527194328679,
        "Se": 6.222729611874094,
        "Si": 5.433174831547022,
        "Sm": 5.412900113896317,
        "Sn": 6.54044680803013,
        "Sr": 9.393642902592127,
        "Ta": 6.000451817827773,
        "Tb": 5.437092592895694,
        "Tc": 5.477101491667868,
        "Te": 7.060774230483273,
        "Th": 6.986917059929119,
        "Ti": 5.519993348728245,
        "Tl": 6.878248382279104,
        "Tm": 8.252469416878865,
        "U": 5.7631191311095336,
        "V": 5.1873707327346885,
        "W": 5.756314675762663,
        "Xe": 10.44343276085158,
        "Y": 6.8277785249227465,
        "Yb": 8.360796151369977,
        "Zn": 5.655810973932102,
        "Zr": 6.1397670620779525
    },
    "FCC": {
        "Ac": 5.531565054883645,
        "Ag": 4.053514198223702,
        "Al": 4.015374166378815,
        "Am": 4.02281956925441,
        "Ar": 5.855651392149524,
        "As": 4.192025685505846,
        "At": 5.2313637045057755,
        "Au": 4.083431049538117,
        "B": 2.857098137395292,
        "Ba": 6.161386796330552,
        "Be": 3.1469724837633035,
        "Bi": 4.944173670686653,
        "Bk": 4.060100784543027,
        "Br": 4.566575616373033,
        "C": 3.0352653097746485,
        "Ca": 5.455396836800569,
        "Cd": 4.375984866713036,
        "Ce": 4.5810308949866725,
        "Cf": 4.144601292672237,
        "Cl": 4.238801429344125,
        "Cm": 4.023132629144332,
        "Co": 3.4068420467399796,
        "Cr": 3.5790969706176927,
        "Cs": 7.584409405993671,
        "Cu": 3.5634469832973963,
        "Dy": 4.814487479536367,
        "Er": 4.985392029670378,
        "Es": 4.293388071607272,
        "Eu": 4.34332264829412,
        "F": 3.324457408588101,
        "Fe": 3.4055664296167496,
        "Fm": 4.549916675203933,
        "Fr": 7.518189921973685,