{
    "BCC": {
        "Bk": 3.2723181821243545,
        "Cf": 3.395235541160889,
        "Es": 3.6016813134168553,
        "Fm": 3.8849165363666978,
        "Lr": 3.9520781672486747,
        "Md": 4.169395829787963,
        "No": 4.282350588162966
    },
    "Diamond": {
        "Bk": 5.423627605588496,
        "Cf": 5.542220521147825,
        "Es": 5.781355109849378,
        "Fm": 6.543870496776632,
        "Lr": 7.609821098235154,
        "Md": 8.763207265783544,
        "No": 9.544163717430742
    },
    "FCC": {
        "Bk": 4.184386472982877,
        "Cf": 4.318985815879046,
        "Es": 4.5538099553929925,
        "Fm": 4.913763883914367,
        "Lr": 4.9322980946001485,
        "Md": 5.217152432703022,
        "No": 5.4239766026667695
    },
    "SC": {
        "Bk": 2.5863136836621106,
        "Cf": 2.670156022434914,
        "Es": 2.8197162835133525,
        "Fm": 3.122127493728829,
        "Lr": 3.2827350526500996,
        "Md": 3.5006937400347247,
        "No": 3.6364657963723137
    }
}