{
    "BCC": {
        "Ac": 4.357553266264576,
        "Ag": 3.1822059242992937,
        "Al": 3.1886380916114914,
        "Am": 3.108585289292909,
        "Ar": 3.947475821483269,
        "As": 3.2941617003412307,
        "At": 4.151022151086488,
        "Au": 3.2158072044353583,
        "B": 2.2804531263141556,
        "Ba": 4.757044395426905,
        "Be": 2.4611453894589745,
        "Bi": 3.8868944270273706,
        "Bk": 3.1367665200755503,
        "Br": 3.5971324902099933,
        "C": 2.3277261735927772,
        "Ca": 4.219935460181084,
        "Cd": 3.436701588675944,
        "Ce": 3.5965089613981713,
        "Cf": 3.192776675889961,
        "Cl": 3.323963911075331,
        "Cm": 3.1105846992939328,
        "Co": 2.696067434556129,
        "Cr": 2.7888673605517824,
        "Cs": 5.762629329414365,
        "Cu": 2.7959550437135556,
        "Dy": 3.692847150079256,
        "Er": 3.812337554665915,
        "Es": 3.28986175329021,
        "Eu": 3.2220803654464643,
        "F": 2.5617618893361245,
        "Fe": 2.6976559445199486,
        "Fm": 3.44563053922235,
        "Fr": 5.7113429609861495,
        "Ga": 3.2638227828939668,
        "Gd": 3.356812453201904,
        "Ge": 3.2945057028336273,
        "H": 1.798599734025066,
        "He": 2.7491766129955884,
        "Hf": 3.4435178993180635,
        "Hg": 3.560031140576821,
        "Ho": 3.7633785838747484,
        "I": 3.990699223986352,
        "In": 3.6762688632219076,
        "Ir": 3.0607468238525213,
        "K": 5.043825411016442,
        "Kr": 4.2611132447300575,
        "La": 4.048505265608578,
        "Li": 3.363284298100443,
        "Lr": 3.755401992302276,
        "Lu": 3.7409952835511833,
        "Md": 3.6805357206847433,
        "Mg": 3.508859189379634,
        "Mn": 2.7249538470986887,
        "Mo": 3.1120034099657983,
        "N": 2.3745126978061704,
        "Na": 4.05303942953044,
        "Nb": 3.2477349108636075,
        "Nd": 3.272231018095862,
        "Ne": 3.0806635440006156,
        "Ni": 2.7183929376500955,
        "No": 3.9468382539431714,
        "Np": 3.21369779252917,
        "O": 2.414186807467646,
        "Os": 3.0474815724197493,
        "P": 3.0065339071692128,
        "Pa": 3.579986683678608,
        "Pb": 3.868802162965037,
        "Pd": 3.0554074100197552,
        "Pm": 3.2104734956915357,
        "Po": 3.9408934045560176,
        "Pr": 3.387015062910656,
        "Pt": 3.102495389304922,
        "Pu": 3.1378096073893023,
        "Ra": 4.951770954265924,
        "Rb": 5.37459257773565,
        "Re": 3.0705925355945567,
        "Rh": 3.0074923835963467,
        "Rn": 4.819630258076897,
        "Ru": 3.0004221628122885,
        "S": 3.0838704364230227,
        "Sb": 3.708415226347318,
        "Sc": 3.5676630789128354,
        "Se": 3.357545921555221,
        "Si": 3.044902350992931,
        "Sm": 3.1937246810773092,
        "Sn": 3.707556992164231,
        "Sr": 4.570255465355891,
        "Ta": 3.2526825977584375,
        "Tb": 3.5822168265999585,
        "Tc": 3.032491279638058,
        "Te": 3.7625028605254864,
        "Th": 3.9215939998031617,
        "Ti": 3.1660605796034584,
        "Tl": 3.792468925493811,
        "Tm": 3.84777180338287,
        "U": 3.352197266449666,
        "V": 2.926682014045869,
        "W": 3.135580350881715,
        "Xe": 4.681198465804992,
        "Y": 3.9115851004786246,
        "Yb": 3.87976368702818,
        "Zn": 3.013634238274741,
        "Zr": 3.4822117881223296
    },
    "Diamond": {
        "Ac": 7.711087641648471,
        "Ag": 5.931926892441961,
        "Al": 5.948680827054751,
        "Am": 5.2837093234084875,
        "Ar": 7.835233983743501,
        "As": 5.962971957420249,
        "At": 7.825099945305178,
        "Au": 5.953695418758528,
        "B": 4.001999000832501,
        "Ba": 7.282663558624727,
        "Be": 4.824876637829641,
        "Bi": 7.103316575220012,
        "Bk": 5.293919691460474,
        "Br": 6.721850397463251,
        "C": 3.5322301844752597,
        "Ca": 8.265585475432276,
        "Cd": 6.313574492778422,
        "Ce": 6.096531217843853,
        "Cf": 5.3675558025982415,
        "Cl": 6.182901204817339,
        "Cm": 5.260072574863553,
        "Co": 4.789165377163152,
        "Cr": 4.939281640859819,
        "Cs": 10.792850778340783,
        "Cu": 5.150742972583809,
        "Dy": 5.43049504444314,
        "Er": 5.662488885293479,
        "Es": 5.510384787407253,
        "Eu": 5.3367939346146605,
        "F": 4.650964458674751,
        "Fe": 4.754418050092543,
        "Fm": 5.7783297576966595,
        "Fr": 10.835162031858358,
        "Ga": 5.679015897747239,
        "Gd": 5.336873517615967,
        "Ge": 5.624320247076698,
        "H": 2.9897591555538052,
        "He": 5.48960239455431,
        "Hf": 6.221086716450238,
        "Hg": 6.4430945867011395,
        "Ho": 5.521716892248571,
        "I": 7.547795505672857,
        "In": 6.464398656710573,
        "Ir": 5.4773503805239026,
        "K": 9.163338663339966,
        "Kr": 8.467669572092692,
        "La": 6.51946825929338,
        "Li": 5.698848644028054,
        "Lr": 7.1776674271601335,
        "Lu": 6.877154718550728,
        "Md": 6.477193444994308,
        "Mg": 6.6966434512719015,
        "Mn": 4.830408800220575,
        "Mo": 5.569872217983588,
        "N": 4.092478775112712,
        "Na": 7.294221986938614,
        "Nb": 5.754056368993306,
        "Nd": 5.609571217107671,
        "Ne": 6.069090257897275,
        "Ni": 4.934582509736868,
        "No": 8.692511281580089,
        "Np": 5.476408039125428,
        "O": 4.290029178082474,
        "Os": 5.474081912736325,
        "P": 5.345249225387727,
        "Pa": 6.118734840361241,
        "Pb": 6.829548462539425,
        "Pd": 5.617234320944739,
        "Pm": 5.448151885783571,
        "Po": 7.300879358633088,
        "Pr": 5.818246146305805,
        "Pt": 5.647412081318877,
        "Pu": 5.35508236864541,
        "Ra": 10.32786622581773,
        "Rb": 9.851966075801085,
        "Re": 5.561315010801924,
        "Rh": 5.3910000978223716,
        "Rn": 9.594180500722718,
        "Ru": 5.35751295474872,
        "S": 5.635308373059298,
        "Sb": 6.815455043237167,
        "Sc": 5.984269907850047,
        "Se": 6.169692533364265,
        "Si": 5.401549623853071,
        "Sm": 5.373108185856467,
        "Sn": 6.47481854761011,
        "Sr": 9.230772820511424,
        "Ta": 5.929189829665407,
        "Tb": 5.369942746356137,
        "Tc": 5.442963170845012,
        "Te": 7.002752658907418,
        "Th": 6.911676651147438,
        "Ti": 5.346714143838156,
        "Tl": 6.747153806906631,
        "Tm": 5.928791569841578,
        "U": 5.739263139556668,
        "V": 5.095703160297462,
        "W": 5.71019413053798,
        "Xe": 9.341098413156338,
        "Y": 6.635014402404421,
        "Yb": 8.09358838245579,
        "Zn": 5.553051375107752,
        "Zr": 6.05320823398482
    },
    "FCC": {
        "Ac": 5.461889706249027,
        "Ag": 4.001307905632436,
        "Al": 3.9839943737387142,
        "Am": 3.9899246431037247,
        "Ar": 4.938412510938273,
        "As": 4.169391994809891,
        "At": 5.186414240271588,
        "Au": 4.048493063303252,
        "B": 2.835943093318962,
        "Ba": 5.9851521762188975,
        "Be": 3.1062738015819282,
        "Bi": 4.906297608636428,
        "Bk": 4.009319934506438,
        "Br": 4.505566773275194,
        "C": 3.0153333478131965,
        "Ca": 5.338230744559655,
        "Cd": 4.305721606422037,
        "Ce": 4.520459921352295,
        "Cf": 4.070644976636028,
        "Cl": 4.168824340251638,
        "Cm": 3.9847502686398335,
        "Co": 3.3727264431645243,
        "Cr": 3.5449123710222117,
        "Cs": 7.280759993917922,
        "Cu": 3.517937841727028,
        "Dy": 4.61404654088302,
        "Er": 4.799374918602126,
        "Es": 4.1788811364042635,
        "Eu": 4.212697777962409,
        "F": 3.227270840200155,
        "Fe": 3.374012953241985,
        "Fm": 4.357890290378706,
        "Fr": 7.229087576567566,