{
    "Br-X/BCC": 26.78482520056195,
    "Br-X/Diamond": 92.30698526532213,
    "Ce-X/BCC": 27.681147752133597,
    "Ce-X/Diamond": 61.15092603961588,
    "Cl-X/BCC": null,
    "Cl-X/Diamond": 72.98257265451029,
    "Cl-X/FCC": null,
    "Co-X/BCC": 11.10072082430425,
    "Co-X/FCC": 10.92382163558454,
    "Co-X/SC": 12.821240242295922,
    "Dy-X/BCC": 31.437655174878692,
    "Dy-X/Diamond": 58.735341112246104,
    "Dy-X/FCC": 32.38028778764532,
    "Dy-X/SC": 32.57840302847918,
    "Er-X/BCC": 33.78006747697283,
    "Er-X/Diamond": 141.58692523962824,
    "Er-X/FCC": 33.86140521068262,
    "Er-X/SC": 34.82282224808056,
    "Eu-X/BCC": 43.456765455336964,
    "Eu-X/Diamond": 66.31323148829455,
    "Eu-X/FCC": 44.22702020598842,
    "Eu-X/SC": null,
    "F-X/BCC": 10.706472953916656,
    "F-X/Diamond": 30.463805295170175,
    "F-X/FCC": 10.869611359194689,
    "F-X/SC": 11.512881985740991,
    "Fe-X/BCC": 11.382361384827997,
    "Fe-X/FCC": 10.615276862618083,
    "Fe-X/SC": 13.17978459100531,
    "Gd-X/BCC": 33.21081796125492,
    "Gd-X/Diamond": 61.96741197435081,
    "Gd-X/FCC": 32.94015658835121,
    "Gd-X/SC": 38.95879071007422,
    "Hf-X/Diamond": 70.43026500944153,
    "Ho-X/BCC": 34.02056547267949,
    "Ho-X/Diamond": null,
    "Ho-X/FCC": 33.73306559503271,
    "Ho-X/SC": 35.28415734129095,
    "Ir-X/BCC": 15.103254369770713,
    "La-X/BCC": 37.97211414266361,
    "Mn-X/BCC": 10.93997020283226,
    "Mn-X/SC": 11.939593247248979,
    "Nd-X/BCC": 29.70333309839468,
    "Nd-X/Diamond": 57.26489562115566,
    "Nd-X/FCC": 35.559558631468555,
    "Nd-X/SC": 19.967943280509203,
    "Ni-X/BCC": 10.994760629358037,
    "Ni-X/Diamond": 33.21742237425262,
    "Ni-X/FCC": 10.898132938186336,
    "Ni-X/SC": 12.676320721271475,
    "Pd-X/Diamond": 49.08522025643073,
    "Pd-X/FCC": 15.35003656914653,
    "Pm-X/BCC": 43.59367603490654,
    "Pm-X/Diamond": 60.68008869859527,
    "Pm-X/FCC": 41.22524605989088,
    "Pm-X/SC": null,
    "Pr-X/BCC": 28.659994153402664,
    "Pr-X/Diamond": 56.932965448409455,
    "Pr-X/FCC": 29.720691269998373,
    "Pr-X/SC": 21.120033686760806,
    "Pt-X/Diamond": 48.22209202597556,
    "Rh-X/BCC": 14.542128995971897,
    "Ru-X/BCC": 14.406332246444068,
    "Sc-X/Diamond": 68.04372422885864,
    "Sc-X/SC": 26.342423012554182,
    "Sm-X/BCC": 40.11481044753534,
    "Sm-X/Diamond": 67.99354463323908,
    "Sm-X/FCC": 45.829484810802455,
    "Sm-X/SC": null,
    "Tb-X/BCC": 31.959569432720084,
    "Tb-X/Diamond": 56.8482730962786,
    "Tb-X/FCC": 31.593959955183614,
    "Tb-X/SC": 33.45337455329897,
    "Ti-X/Diamond": 53.231993732353246,
    "Tm-X/BCC": 35.66384469948229,
    "Tm-X/Diamond": 151.97367182931418,
    "Tm-X/FCC": 34.24115936653893,
    "Tm-X/SC": 34.95677488813156,
    "V-X/Diamond": 40.78725108739488,
    "Y-X/SC": 35.08357141149853,
    "Zr-X/Diamond": 62.973271489089356
}