{
    "Ag-X/BCC": -2.346242111450379e-05,
    "Ag-X/Diamond": -3.4947382978049186e-05,
    "Ag-X/FCC": -2.0816572148299457e-05,
    "Ag-X/SC": -1.5458754830551295e-05,
    "Al-X/BCC": 1.8900632737565497e-06,
    "Al-X/Diamond": -8.759818930201669e-06,
    "Al-X/FCC": -8.8235664309274e-07,
    "Al-X/SC": -1.652689724876851e-09,
    "Ar-X/BCC": 9.034661642758119e-05,
    "Ar-X/Diamond": 0.028883278576242805,
    "Ar-X/FCC": 3.7200792704382777e-07,
    "Ar-X/SC": 0.00013011969929379962,
    "As-X/BCC": -1.7173036062452273e-05,
    "As-X/Diamond": -1.006746029344464e-05,
    "As-X/FCC": -3.4433740939803775e-05,
    "As-X/SC": -7.536106273244249e-06,
    "Au-X/BCC": -1.0953419455500796e-05,
    "Au-X/Diamond": -2.2230044124876444e-05,
    "Au-X/FCC": -4.1354393411504394e-05,
    "Au-X/SC": -1.9321059244632014e-05,
    "B-X/BCC": 8.4780513322962e-06,
    "B-X/Diamond": 3.41710319280606e-13,
    "B-X/FCC": -2.8487245552819594e-05,
    "B-X/SC": 5.159930711310574e-06,
    "Ba-X/BCC": -3.95590864463074e-06,
    "Ba-X/Diamond": -2.061311388252236e-05,
    "Ba-X/FCC": -7.455629779663918e-05,
    "Ba-X/SC": 1.564865602517613e-05,
    "Be-X/BCC": 1.7911448800973665e-05,
    "Be-X/Diamond": -1.1257852238813396e-06,
    "Be-X/FCC": -6.924981463930177e-06,
    "Be-X/SC": 2.3609464964530904e-05,
    "Bi-X/BCC": -2.3432594237830413e-05,
    "Bi-X/Diamond": -1.2574412197962307e-05,
    "Bi-X/FCC": -1.478373078614689e-05,
    "Bi-X/SC": -1.9433215168335265e-05,
    "Br-X/BCC": -0.014526938740350869,
    "Br-X/Diamond": 7.08122304802631,
    "Br-X/FCC": -8.50382074258632e-06,
    "Br-X/SC": -4.995956060704693e-05,
    "C-X/BCC": -6.715374473872583e-06,
    "C-X/Diamond": 2.124715862981582e-06,
    "C-X/FCC": -1.1470991289735588e-05,
    "C-X/SC": -1.9236928390562398e-05,
    "Ca-X/BCC": 2.906478220560868e-06,
    "Ca-X/Diamond": 3.64838515815344e-05,
    "Ca-X/FCC": 3.733611438744383e-05,
    "Ca-X/SC": -1.5092521830734116e-09,
    "Cd-X/BCC": 2.2245473939078014e-05,
    "Cd-X/Diamond": -3.60841109675887e-05,
    "Cd-X/FCC": -4.9369119017779526e-05,
    "Cd-X/SC": -9.228380405502197e-05,
    "Ce-X/BCC": 0.27979930722303314,
    "Ce-X/Diamond": 0.6025690478258146,
    "Ce-X/FCC": -2.6785854368023772e-05,
    "Ce-X/SC": -5.59532032525552e-05,
    "Cl-X/Diamond": 8.130086170353861,
    "Cl-X/SC": -7.405536297699654e-06,
    "Co-X/BCC": 5.4256575561454,
    "Co-X/FCC": 6.1451462467605,
    "Co-X/SC": 7.919783186744957,
    "Cr-X/BCC": -2.689769859785728e-06,
    "Cr-X/Diamond": -2.4380223776002113e-05,
    "Cr-X/FCC": -6.3380939235741465e-06,
    "Cr-X/SC": -3.3864381136196893e-06,
    "Cs-X/BCC": 2.7936075878005598e-05,
    "Cs-X/Diamond": 5.72066042629711e-05,
    "Cs-X/FCC": -0.00011444319112292723,
    "Cs-X/SC": 0.00015374596028203477,
    "Cu-X/BCC": -1.9695437483302155e-05,
    "Cu-X/Diamond": -3.27126961923208e-05,
    "Cu-X/FCC": -9.790127511279689e-06,
    "Cu-X/SC": -3.139282115288938e-05,
    "Dy-X/BCC": 0.7114891901763628,
    "Dy-X/Diamond": 23.97530850293945,
    "Dy-X/FCC": 3.798497415307932,
    "Dy-X/SC": 6.7046857560747615,
    "Er-X/BCC": 3.442754249266728,
    "Er-X/Diamond": -2.6190355777907586,
    "Er-X/FCC": 1.792170322975469,
    "Er-X/SC": 1.4804312258498598,
    "Eu-X/BCC": 64.57915977537688,
    "Eu-X/Diamond": 49.31391970861064,
    "Eu-X/FCC": 73.31481761090177,
    "F-X/BCC": 6.433231906459398,
    "F-X/Diamond": 5.184384319689582,
    "F-X/FCC": 7.412461495025312,
    "F-X/SC": 9.613243208049834,
    "Fe-X/BCC": 7.898188552633221,
    "Fe-X/Diamond": -1.8086200754665034e-05,
    "Fe-X/FCC": 3.0039639812448087,
    "Fe-X/SC": 12.478181866675202,
    "Ga-X/BCC": -1.3506463779940517e-05,
    "Ga-X/Diamond": -3.541999782525437e-05,
    "Ga-X/FCC": -1.3800555524722247e-05,
    "Ga-X/SC": -1.0910965990097844e-05,
    "Gd-X/BCC": 17.161026793269443,
    "Gd-X/Diamond": 42.04447353557713,
    "Gd-X/FCC": 19.671116470827698,
    "Gd-X/SC": 75.31189460220342,
    "Ge-X/BCC": -1.5475714699241737e-05,
    "Ge-X/Diamond": -2.052487601702868e-05,
    "Ge-X/FCC": 1.5353864599858075e-05,
    "Ge-X/SC": -4.127659149947403e-05,
    "H-X/BCC": 5.54658089729878e-06,
    "H-X/Diamond": -4.201859887647459e-05,
    "H-X/FCC": -4.3555282557624365e-05,
    "H-X/SC": -8.832273719835097e-05,
    "He-X/BCC": -0.0003654394346854977,
    "He-X/Diamond": 0.020988968678138445,
    "He-X/FCC": 0.003392465528787901,
    "He-X/SC": -3.6453657410987566e-10,
    "Hf-X/BCC": -1.1149007880800063e-05,
    "Hf-X/Diamond": 0.01797331926746813,
    "Hf-X/FCC": 3.445634951586883e-06,
    "Hf-X/SC": -1.4136750363406475e-05,
    "Hg-X/BCC": -4.5811399302687634e-05,
    "Hg-X/Diamond": -0.0001532982247787642,
    "Hg-X/FCC": -0.00023005149975212905,
    "Hg-X/SC": -8.610496620050026e-05,
    "Ho-X/BCC": 6.038000259424367,
    "Ho-X/FCC": 4.051346318853444,
    "Ho-X/SC": 7.655475121852328,
    "I-X/BCC": -0.000101572992019819,
    "I-X/Diamond": -9.477526385667609e-06,
    "I-X/FCC": -4.782486635172729e-05,
    "I-X/SC": 1.9510340721154335e-05,
    "In-X/BCC": -4.0998690743113264e-05,
    "In-X/Diamond": -1.1512627151174955e-05,
    "In-X/FCC": -6.516842849635867e-05,
    "In-X/SC": -2.2706336839345986e-05,
    "Ir-X/BCC": 0.2597861492510774,
    "Ir-X/Diamond": -1.4462209108772696e-05,
    "Ir-X/FCC": -3.17410918680988e-05,
    "Ir-X/SC": -2.892099788372331e-05,
    "K-X/BCC": -1.5789594945437044e-10,
    "K-X/Diamond": -3.7064030861193405e-05,
    "K-X/FCC": -3.3492415834283086e-11,
    "K-X/SC": 0.000108994964552045,
    "Kr-X/BCC": 0.0008375901064217743,
    "Kr-X/Diamond": 0.031835169149363726,
    "Kr-X/FCC": 0.0012475341027603961,
    "Kr-X/SC": 0.0008474993648328397,
    "La-X/BCC": 0.14714665662067156,
    "La-X/Diamond": -2.6171650937640152e-05,
    "La-X/FCC": -3.411207614966965e-05,
    "La-X/SC": -6.480318941859082e-05,
    "Li-X/BCC": 1.1895049742348942e-10,
    "Li-X/Diamond": -3.747517534992784e-05,
    "Li-X/FCC": -3.784346293512359e-05,
    "Li-X/SC": 9.818277790838922e-05,
    "Lu-X/BCC": -1.8826333489341498e-05,
    "Lu-X/Diamond": 1.4746691806650805e-07,
    "Lu-X/FCC": -1.6340681257947668e-10,
    "Lu-X/SC": 1.215446098903807e-05,
    "Mg-X/BCC": 2.7900246959808112e-08,
    "Mg-X/Diamond": -3.065783628294694e-05,
    "Mg-X/FCC": 4.074670548178557e-08,
    "Mg-X/SC": 2.8633565331452406e-05,
    "Mn-X/BCC": 1.479628986160731,
    "Mn-X/Diamond": -1.7798134536285058e-05,
    "Mn-X/FCC": 2.2563089537126455e-07,
    "Mn-X/SC": 0.3014083214048811,
    "Mo-X/BCC": -2.16402830071872e-05,
    "Mo-X/Diamond": -1.7591837938493167e-05,
    "Mo-X/FCC": -2.0829862172757328e-05,
    "Mo-X/SC": -1.8930892538870963e-05,
    "N-X/BCC": -2.3161394319729213e-05,
    "N-X/Diamond": -1.9717755853172394e-05,
    "N-X/FCC": -4.7028838973750584e-05,
    "N-X/SC": -6.154891273924359e-05,
    "Na-X/BCC": -3.6833753660141446e-09,
    "Na-X/Diamond": -1.161867833832937e-06,
    "Na-X/FCC": 7.948848705471236e-08,
    "Na-X/SC": -2.3762430497266907e-05,
    "Nb-X/BCC": -2.079029098779545e-05,
    "Nb-X/Diamond": -2.0286958268160212e-05,
    "Nb-X/FCC": -4.066990379316628e-06,
    "Nb-X/SC": -3.0449922246599793e-05,
    "Nd-X/BCC": 34.76672149402487,
    "Nd-X/Diamond": 18.131971069229408,
    "Nd-X/FCC": 52.19768197707501,
    "Nd-X/SC": 6.227209034804196,
    "Ne-X/BCC": -0.00032209309505239447,
    "Ne-X/Diamond": 0.001846690101724711,
    "Ne-X/FCC": 0.0007754423169730622,
    "Ne-X/SC": 5.87466948213507e-07,
    "Ni-X/BCC": 0.9248458221910737,
    "Ni-X/Diamond": 0.5345836860986943,
    "Ni-X/FCC": 0.5911153794995122,
    "Ni-X/SC": 0.9763316444673648,
    "O-X/BCC": 3.5230842111263377e-06,
    "O-X/Diamond": -1.782637747976819e-05,
    "O-X/FCC": -3.27990903938678e-05,
    "O-X/SC": -1.2309611990681617e-05,
    "Os-X/BCC": -1.3931722671006203e-05,
    "Os-X/Diamond": -1.3531937839306826e-05,
    "Os-X/FCC": -2.2826859260503375e-05,
    "Os-X/SC": -1.6477179072405526e-05,
    "P-X/BCC": -5.675396839321852e-06,
    "P-X/Diamond": -2.9521127755231464e-05,
    "P-X/FCC": -2.889295672180326e-05,